股票代码,校验时间,异常类型,异常日期,异常内容,状态
SZ123456,2026-04-19 17:26:26,文件不存在,,JSON数据文件不存在：./data/SZ123456.json,失败
SZ123456,2026-04-19 17:53:42,文件不存在,,JSON数据文件不存在：./data/SZ123456.json,失败
SZ000001,2026-04-20 00:05:17,K线数据缺失,,JSON文件缺少kline字段或K线数据为空,异常
SZ000002,2026-04-20 00:05:17,K线数据缺失,,JSON文件缺少kline字段或K线数据为空,异常
SZ000002,2026-04-20 00:05:17,财务百分比异常,2025一季报,净利润同比(%)=-1625.63%超出合理范围,异常
SZ000063,2026-04-20 00:05:17,K线数据缺失,,JSON文件缺少kline字段或K线数据为空,异常
SZ000063,2026-04-20 00:05:17,财务数据缺失,,JSON文件缺少finance字段或财务数据为空,异常
SZ000100,2026-04-20 00:05:17,K线数据缺失,,JSON文件缺少kline字段或K线数据为空,异常
SZ000100,2026-04-20 00:05:17,财务数据缺失,,JSON文件缺少finance字段或财务数据为空,异常
SZ000157,2026-04-20 00:05:17,K线数据缺失,,JSON文件缺少kline字段或K线数据为空,异常
SZ000157,2026-04-20 00:05:17,财务数据缺失,,JSON文件缺少finance字段或财务数据为空,异常
SZ000166,2026-04-20 00:05:17,K线数据缺失,,JSON文件缺少kline字段或K线数据为空,异常
SZ000166,2026-04-20 00:05:17,财务数据缺失,,JSON文件缺少finance字段或财务数据为空,异常
SZ000333,2026-04-20 00:05:17,K线数据缺失,,JSON文件缺少kline字段或K线数据为空,异常
SZ000333,2026-04-20 00:05:17,财务数据缺失,,JSON文件缺少finance字段或财务数据为空,异常
SZ000338,2026-04-20 00:05:17,K线数据缺失,,JSON文件缺少kline字段或K线数据为空,异常
SZ000338,2026-04-20 00:05:17,财务数据缺失,,JSON文件缺少finance字段或财务数据为空,异常
SZ000422,2026-04-20 00:05:17,K线数据缺失,,JSON文件缺少kline字段或K线数据为空,异常
SZ000425,2026-04-20 00:05:17,K线数据缺失,,JSON文件缺少kline字段或K线数据为空,异常
SZ000425,2026-04-20 00:05:17,财务数据缺失,,JSON文件缺少finance字段或财务数据为空,异常
SZ000538,2026-04-20 00:05:17,K线数据缺失,,JSON文件缺少kline字段或K线数据为空,异常
SZ000538,2026-04-20 00:05:17,财务数据缺失,,JSON文件缺少finance字段或财务数据为空,异常
SZ000568,2026-04-20 00:05:17,K线数据缺失,,JSON文件缺少kline字段或K线数据为空,异常
SZ000568,2026-04-20 00:05:17,财务数据缺失,,JSON文件缺少finance字段或财务数据为空,异常
SZ000596,2026-04-20 00:05:17,K线数据缺失,,JSON文件缺少kline字段或K线数据为空,异常
SZ000596,2026-04-20 00:05:17,财务数据缺失,,JSON文件缺少finance字段或财务数据为空,异常
SZ000625,2026-04-20 00:05:17,K线数据缺失,,JSON文件缺少kline字段或K线数据为空,异常
SZ000625,2026-04-20 00:05:17,财务数据缺失,,JSON文件缺少finance字段或财务数据为空,异常
SZ000630,2026-04-20 00:05:17,K线数据缺失,,JSON文件缺少kline字段或K线数据为空,异常
SZ000630,2026-04-20 00:05:17,财务数据缺失,,JSON文件缺少finance字段或财务数据为空,异常
SZ000651,2026-04-20 00:05:17,K线数据缺失,,JSON文件缺少kline字段或K线数据为空,异常
SZ000651,2026-04-20 00:05:17,财务数据缺失,,JSON文件缺少finance字段或财务数据为空,异常
SZ000661,2026-04-20 00:05:17,K线数据缺失,,JSON文件缺少kline字段或K线数据为空,异常
SZ000661,2026-04-20 00:05:17,财务数据缺失,,JSON文件缺少finance字段或财务数据为空,异常
SZ000708,2026-04-20 00:05:17,K线数据缺失,,JSON文件缺少kline字段或K线数据为空,异常
SZ000708,2026-04-20 00:05:17,财务数据缺失,,JSON文件缺少finance字段或财务数据为空,异常
SZ000725,2026-04-20 00:05:17,K线数据缺失,,JSON文件缺少kline字段或K线数据为空,异常
SZ000776,2026-04-20 00:05:17,K线数据缺失,,JSON文件缺少kline字段或K线数据为空,异常
SZ000776,2026-04-20 00:05:17,财务数据缺失,,JSON文件缺少finance字段或财务数据为空,异常
SZ000786,2026-04-20 00:05:17,K线数据缺失,,JSON文件缺少kline字段或K线数据为空,异常
SZ000786,2026-04-20 00:05:17,财务数据缺失,,JSON文件缺少finance字段或财务数据为空,异常
SZ000792,2026-04-20 00:05:17,K线数据缺失,,JSON文件缺少kline字段或K线数据为空,异常
SZ000792,2026-04-20 00:05:17,财务数据缺失,,JSON文件缺少finance字段或财务数据为空,异常
SZ000858,2026-04-20 00:05:17,K线数据缺失,,JSON文件缺少kline字段或K线数据为空,异常
SZ000858,2026-04-20 00:05:17,财务数据缺失,,JSON文件缺少finance字段或财务数据为空,异常
SZ000876,2026-04-20 00:05:17,K线数据缺失,,JSON文件缺少kline字段或K线数据为空,异常
SZ000876,2026-04-20 00:05:17,财务数据缺失,,JSON文件缺少finance字段或财务数据为空,异常
SZ000895,2026-04-20 00:05:17,K线数据缺失,,JSON文件缺少kline字段或K线数据为空,异常
SZ000895,2026-04-20 00:05:17,财务数据缺失,,JSON文件缺少finance字段或财务数据为空,异常
SZ000938,2026-04-20 00:05:17,K线数据缺失,,JSON文件缺少kline字段或K线数据为空,异常
SZ000938,2026-04-20 00:05:17,财务数据缺失,,JSON文件缺少finance字段或财务数据为空,异常
SZ000963,2026-04-20 00:05:17,K线数据缺失,,JSON文件缺少kline字段或K线数据为空,异常
SZ000963,2026-04-20 00:05:17,财务数据缺失,,JSON文件缺少finance字段或财务数据为空,异常
SZ000975,2026-04-20 00:05:17,K线数据缺失,,JSON文件缺少kline字段或K线数据为空,异常
SZ000975,2026-04-20 00:05:17,财务数据缺失,,JSON文件缺少finance字段或财务数据为空,异常
SZ000977,2026-04-20 00:05:17,K线数据缺失,,JSON文件缺少kline字段或K线数据为空,异常
SZ000977,2026-04-20 00:05:17,财务数据缺失,,JSON文件缺少finance字段或财务数据为空,异常
SZ000983,2026-04-20 00:05:17,K线数据缺失,,JSON文件缺少kline字段或K线数据为空,异常
SZ000983,2026-04-20 00:05:17,财务数据缺失,,JSON文件缺少finance字段或财务数据为空,异常
SZ000999,2026-04-20 00:05:17,K线数据缺失,,JSON文件缺少kline字段或K线数据为空,异常
SZ000999,2026-04-20 00:05:17,财务数据缺失,,JSON文件缺少finance字段或财务数据为空,异常
SZ001965,2026-04-20 00:05:17,K线数据缺失,,JSON文件缺少kline字段或K线数据为空,异常
SZ001965,2026-04-20 00:05:17,财务数据缺失,,JSON文件缺少finance字段或财务数据为空,异常
SZ001979,2026-04-20 00:05:17,K线数据缺失,,JSON文件缺少kline字段或K线数据为空,异常
SZ001979,2026-04-20 00:05:17,财务数据缺失,,JSON文件缺少finance字段或财务数据为空,异常
SZ002001,2026-04-20 00:05:17,K线数据缺失,,JSON文件缺少kline字段或K线数据为空,异常
SZ002001,2026-04-20 00:05:17,财务数据缺失,,JSON文件缺少finance字段或财务数据为空,异常
SZ002008,2026-04-20 00:05:17,K线数据缺失,,JSON文件缺少kline字段或K线数据为空,异常
SZ002027,2026-04-20 00:05:17,K线数据缺失,,JSON文件缺少kline字段或K线数据为空,异常
SZ002027,2026-04-20 00:05:17,财务数据缺失,,JSON文件缺少finance字段或财务数据为空,异常
SZ002028,2026-04-20 00:05:17,K线数据缺失,,JSON文件缺少kline字段或K线数据为空,异常
SZ002028,2026-04-20 00:05:17,财务数据缺失,,JSON文件缺少finance字段或财务数据为空,异常
SZ002049,2026-04-20 00:05:17,K线数据缺失,,JSON文件缺少kline字段或K线数据为空,异常
SZ002049,2026-04-20 00:05:17,财务数据缺失,,JSON文件缺少finance字段或财务数据为空,异常
SZ002050,2026-04-20 00:05:17,K线数据缺失,,JSON文件缺少kline字段或K线数据为空,异常
SZ002050,2026-04-20 00:05:17,财务数据缺失,,JSON文件缺少finance字段或财务数据为空,异常
SZ002074,2026-04-20 00:05:17,K线数据缺失,,JSON文件缺少kline字段或K线数据为空,异常
SZ002074,2026-04-20 00:05:17,财务数据缺失,,JSON文件缺少finance字段或财务数据为空,异常
SZ002129,2026-04-20 00:05:17,K线数据缺失,,JSON文件缺少kline字段或K线数据为空,异常
SZ002129,2026-04-20 00:05:17,财务数据缺失,,JSON文件缺少finance字段或财务数据为空,异常
SZ002142,2026-04-20 00:05:17,K线数据缺失,,JSON文件缺少kline字段或K线数据为空,异常
SZ002142,2026-04-20 00:05:17,财务数据缺失,,JSON文件缺少finance字段或财务数据为空,异常
SZ002179,2026-04-20 00:05:17,K线数据缺失,,JSON文件缺少kline字段或K线数据为空,异常
SZ002179,2026-04-20 00:05:17,财务数据缺失,,JSON文件缺少finance字段或财务数据为空,异常
SZ002230,2026-04-20 00:05:17,K线数据缺失,,JSON文件缺少kline字段或K线数据为空,异常
SZ002230,2026-04-20 00:05:17,财务数据缺失,,JSON文件缺少finance字段或财务数据为空,异常
SZ002236,2026-04-20 00:05:17,K线数据缺失,,JSON文件缺少kline字段或K线数据为空,异常
SZ002236,2026-04-20 00:05:17,财务数据缺失,,JSON文件缺少finance字段或财务数据为空,异常
SZ002241,2026-04-20 00:05:17,K线数据缺失,,JSON文件缺少kline字段或K线数据为空,异常
SZ002241,2026-04-20 00:05:17,财务数据缺失,,JSON文件缺少finance字段或财务数据为空,异常
SZ002252,2026-04-20 00:05:17,K线数据缺失,,JSON文件缺少kline字段或K线数据为空,异常
SZ002252,2026-04-20 00:05:17,财务数据缺失,,JSON文件缺少finance字段或财务数据为空,异常
SZ002271,2026-04-20 00:05:17,K线数据缺失,,JSON文件缺少kline字段或K线数据为空,异常
SZ002271,2026-04-20 00:05:17,财务数据缺失,,JSON文件缺少finance字段或财务数据为空,异常
SZ002304,2026-04-20 00:05:17,K线数据缺失,,JSON文件缺少kline字段或K线数据为空,异常
SZ002304,2026-04-20 00:05:17,财务数据缺失,,JSON文件缺少finance字段或财务数据为空,异常
SZ002311,2026-04-20 00:05:17,K线数据缺失,,JSON文件缺少kline字段或K线数据为空,异常
SZ002311,2026-04-20 00:05:17,财务数据缺失,,JSON文件缺少finance字段或财务数据为空,异常
SZ002352,2026-04-20 00:05:17,K线数据缺失,,JSON文件缺少kline字段或K线数据为空,异常
SZ002352,2026-04-20 00:05:17,财务数据缺失,,JSON文件缺少finance字段或财务数据为空,异常
SZ002371,2026-04-20 00:05:17,K线数据缺失,,JSON文件缺少kline字段或K线数据为空,异常
SZ002371,2026-04-20 00:05:17,财务数据缺失,,JSON文件缺少finance字段或财务数据为空,异常
SZ002384,2026-04-20 00:05:17,K线数据缺失,,JSON文件缺少kline字段或K线数据为空,异常
SZ002384,2026-04-20 00:05:17,财务数据缺失,,JSON文件缺少finance字段或财务数据为空,异常
SZ002415,2026-04-20 00:05:17,K线数据缺失,,JSON文件缺少kline字段或K线数据为空,异常
SZ002422,2026-04-20 00:05:17,K线数据缺失,,JSON文件缺少kline字段或K线数据为空,异常
SZ002422,2026-04-20 00:05:17,财务数据缺失,,JSON文件缺少finance字段或财务数据为空,异常
SZ002459,2026-04-20 00:05:17,K线数据缺失,,JSON文件缺少kline字段或K线数据为空,异常
SZ002459,2026-04-20 00:05:17,财务数据缺失,,JSON文件缺少finance字段或财务数据为空,异常
SZ002460,2026-04-20 00:05:17,K线数据缺失,,JSON文件缺少kline字段或K线数据为空,异常
SZ002460,2026-04-20 00:05:17,财务数据缺失,,JSON文件缺少finance字段或财务数据为空,异常
SZ002463,2026-04-20 00:05:17,K线数据缺失,,JSON文件缺少kline字段或K线数据为空,异常
SZ002463,2026-04-20 00:05:17,财务数据缺失,,JSON文件缺少finance字段或财务数据为空,异常
SZ002466,2026-04-20 00:05:17,K线数据缺失,,JSON文件缺少kline字段或K线数据为空,异常
SZ002466,2026-04-20 00:05:17,财务数据缺失,,JSON文件缺少finance字段或财务数据为空,异常
SZ002475,2026-04-20 00:05:17,K线数据缺失,,JSON文件缺少kline字段或K线数据为空,异常
SZ002475,2026-04-20 00:05:17,财务数据缺失,,JSON文件缺少finance字段或财务数据为空,异常
SZ002493,2026-04-20 00:05:17,K线数据缺失,,JSON文件缺少kline字段或K线数据为空,异常
SZ002493,2026-04-20 00:05:17,财务数据缺失,,JSON文件缺少finance字段或财务数据为空,异常
SZ002555,2026-04-20 00:05:17,K线数据缺失,,JSON文件缺少kline字段或K线数据为空,异常
SZ002555,2026-04-20 00:05:17,财务数据缺失,,JSON文件缺少finance字段或财务数据为空,异常
SZ002594,2026-04-20 00:05:17,K线数据缺失,,JSON文件缺少kline字段或K线数据为空,异常
SZ002594,2026-04-20 00:05:17,财务数据缺失,,JSON文件缺少finance字段或财务数据为空,异常
SZ002600,2026-04-20 00:05:17,K线数据缺失,,JSON文件缺少kline字段或K线数据为空,异常
SZ002600,2026-04-20 00:05:17,财务数据缺失,,JSON文件缺少finance字段或财务数据为空,异常
SZ002601,2026-04-20 00:05:17,K线数据缺失,,JSON文件缺少kline字段或K线数据为空,异常
SZ002601,2026-04-20 00:05:17,财务数据缺失,,JSON文件缺少finance字段或财务数据为空,异常
SZ002648,2026-04-20 00:05:17,K线数据缺失,,JSON文件缺少kline字段或K线数据为空,异常
SZ002648,2026-04-20 00:05:17,财务数据缺失,,JSON文件缺少finance字段或财务数据为空,异常
SZ002709,2026-04-20 00:05:17,K线数据缺失,,JSON文件缺少kline字段或K线数据为空,异常
SZ002709,2026-04-20 00:05:17,财务数据缺失,,JSON文件缺少finance字段或财务数据为空,异常
SZ002714,2026-04-20 00:05:17,K线数据缺失,,JSON文件缺少kline字段或K线数据为空,异常
SZ002714,2026-04-20 00:05:17,财务数据缺失,,JSON文件缺少finance字段或财务数据为空,异常
SZ002736,2026-04-20 00:05:17,K线数据缺失,,JSON文件缺少kline字段或K线数据为空,异常
SZ002736,2026-04-20 00:05:17,财务数据缺失,,JSON文件缺少finance字段或财务数据为空,异常
SZ002812,2026-04-20 00:05:17,K线数据缺失,,JSON文件缺少kline字段或K线数据为空,异常
SZ002812,2026-04-20 00:05:17,财务数据缺失,,JSON文件缺少finance字段或财务数据为空,异常
SZ002916,2026-04-20 00:05:17,K线数据缺失,,JSON文件缺少kline字段或K线数据为空,异常
SZ002916,2026-04-20 00:05:17,财务数据缺失,,JSON文件缺少finance字段或财务数据为空,异常
SZ002920,2026-04-20 00:05:17,K线数据缺失,,JSON文件缺少kline字段或K线数据为空,异常
SZ002920,2026-04-20 00:05:17,财务数据缺失,,JSON文件缺少finance字段或财务数据为空,异常
SZ002938,2026-04-20 00:05:17,K线数据缺失,,JSON文件缺少kline字段或K线数据为空,异常
SZ002938,2026-04-20 00:05:17,财务数据缺失,,JSON文件缺少finance字段或财务数据为空,异常
SZ003816,2026-04-20 00:05:17,K线数据缺失,,JSON文件缺少kline字段或K线数据为空,异常
SZ003816,2026-04-20 00:05:17,财务数据缺失,,JSON文件缺少finance字段或财务数据为空,异常
SZ300014,2026-04-20 00:05:17,K线数据缺失,,JSON文件缺少kline字段或K线数据为空,异常
SZ300014,2026-04-20 00:05:17,财务数据缺失,,JSON文件缺少finance字段或财务数据为空,异常
SZ300015,2026-04-20 00:05:17,K线数据缺失,,JSON文件缺少kline字段或K线数据为空,异常
SZ300015,2026-04-20 00:05:17,财务数据缺失,,JSON文件缺少finance字段或财务数据为空,异常
SZ300033,2026-04-20 00:05:17,K线数据缺失,,JSON文件缺少kline字段或K线数据为空,异常
SZ300033,2026-04-20 00:05:17,财务数据缺失,,JSON文件缺少finance字段或财务数据为空,异常
SZ300059,2026-04-20 00:05:17,K线数据缺失,,JSON文件缺少kline字段或K线数据为空,异常
SZ300059,2026-04-20 00:05:17,财务数据缺失,,JSON文件缺少finance字段或财务数据为空,异常
SZ300122,2026-04-20 00:05:17,K线数据缺失,,JSON文件缺少kline字段或K线数据为空,异常
SZ300122,2026-04-20 00:05:17,财务数据缺失,,JSON文件缺少finance字段或财务数据为空,异常
SZ300124,2026-04-20 00:05:17,K线数据缺失,,JSON文件缺少kline字段或K线数据为空,异常
SZ300124,2026-04-20 00:05:17,财务数据缺失,,JSON文件缺少finance字段或财务数据为空,异常
SZ300274,2026-04-20 00:05:17,K线数据缺失,,JSON文件缺少kline字段或K线数据为空,异常
SZ300274,2026-04-20 00:05:17,财务数据缺失,,JSON文件缺少finance字段或财务数据为空,异常
SZ300308,2026-04-20 00:05:17,K线数据缺失,,JSON文件缺少kline字段或K线数据为空,异常
SZ300308,2026-04-20 00:05:17,财务数据缺失,,JSON文件缺少finance字段或财务数据为空,异常
SZ300316,2026-04-20 00:05:17,K线数据缺失,,JSON文件缺少kline字段或K线数据为空,异常
SZ300316,2026-04-20 00:05:17,财务数据缺失,,JSON文件缺少finance字段或财务数据为空,异常
SZ300347,2026-04-20 00:05:17,K线数据缺失,,JSON文件缺少kline字段或K线数据为空,异常
SZ300347,2026-04-20 00:05:17,财务数据缺失,,JSON文件缺少finance字段或财务数据为空,异常
SZ300394,2026-04-20 00:05:17,K线数据缺失,,JSON文件缺少kline字段或K线数据为空,异常
SZ300394,2026-04-20 00:05:17,财务数据缺失,,JSON文件缺少finance字段或财务数据为空,异常
SZ300408,2026-04-20 00:05:17,K线数据缺失,,JSON文件缺少kline字段或K线数据为空,异常
SZ300408,2026-04-20 00:05:17,财务数据缺失,,JSON文件缺少finance字段或财务数据为空,异常
SZ300413,2026-04-20 00:05:17,K线数据缺失,,JSON文件缺少kline字段或K线数据为空,异常
SZ300413,2026-04-20 00:05:17,财务数据缺失,,JSON文件缺少finance字段或财务数据为空,异常
SZ300433,2026-04-20 00:05:17,K线数据缺失,,JSON文件缺少kline字段或K线数据为空,异常
SZ300433,2026-04-20 00:05:17,财务数据缺失,,JSON文件缺少finance字段或财务数据为空,异常
SZ300498,2026-04-20 00:05:17,K线数据缺失,,JSON文件缺少kline字段或K线数据为空,异常
SZ300498,2026-04-20 00:05:17,财务数据缺失,,JSON文件缺少finance字段或财务数据为空,异常
SZ300502,2026-04-20 00:05:17,K线数据缺失,,JSON文件缺少kline字段或K线数据为空,异常
SZ300502,2026-04-20 00:05:17,财务数据缺失,,JSON文件缺少finance字段或财务数据为空,异常
SZ300750,2026-04-20 00:05:17,K线数据缺失,,JSON文件缺少kline字段或K线数据为空,异常
SZ300750,2026-04-20 00:05:17,财务数据缺失,,JSON文件缺少finance字段或财务数据为空,异常
SZ300759,2026-04-20 00:05:17,K线数据缺失,,JSON文件缺少kline字段或K线数据为空,异常
SZ300759,2026-04-20 00:05:17,财务数据缺失,,JSON文件缺少finance字段或财务数据为空,异常
SZ300760,2026-04-20 00:05:17,K线数据缺失,,JSON文件缺少kline字段或K线数据为空,异常
SZ300760,2026-04-20 00:05:17,财务数据缺失,,JSON文件缺少finance字段或财务数据为空,异常
SZ300782,2026-04-20 00:05:17,K线数据缺失,,JSON文件缺少kline字段或K线数据为空,异常
SZ300782,2026-04-20 00:05:17,财务数据缺失,,JSON文件缺少finance字段或财务数据为空,异常
SZ300896,2026-04-20 00:05:17,K线数据缺失,,JSON文件缺少kline字段或K线数据为空,异常
SZ300896,2026-04-20 00:05:17,财务数据缺失,,JSON文件缺少finance字段或财务数据为空,异常
SZ300979,2026-04-20 00:05:17,K线数据缺失,,JSON文件缺少kline字段或K线数据为空,异常
SZ300979,2026-04-20 00:05:17,财务数据缺失,,JSON文件缺少finance字段或财务数据为空,异常
SZ300999,2026-04-20 00:05:17,K线数据缺失,,JSON文件缺少kline字段或K线数据为空,异常
SZ300999,2026-04-20 00:05:17,财务数据缺失,,JSON文件缺少finance字段或财务数据为空,异常
SH600000,2026-04-20 00:05:17,K线数据缺失,,JSON文件缺少kline字段或K线数据为空,异常
SH600009,2026-04-20 00:05:17,K线数据缺失,,JSON文件缺少kline字段或K线数据为空,异常
SH600009,2026-04-20 00:05:17,财务数据缺失,,JSON文件缺少finance字段或财务数据为空,异常
SH600010,2026-04-20 00:05:17,K线数据缺失,,JSON文件缺少kline字段或K线数据为空,异常
SH600010,2026-04-20 00:05:17,财务数据缺失,,JSON文件缺少finance字段或财务数据为空,异常
SH600015,2026-04-20 00:05:17,K线数据缺失,,JSON文件缺少kline字段或K线数据为空,异常
SH600015,2026-04-20 00:05:17,财务数据缺失,,JSON文件缺少finance字段或财务数据为空,异常
SH600016,2026-04-20 00:05:17,K线数据缺失,,JSON文件缺少kline字段或K线数据为空,异常
SH600018,2026-04-20 00:05:17,K线数据缺失,,JSON文件缺少kline字段或K线数据为空,异常
SH600018,2026-04-20 00:05:17,财务数据缺失,,JSON文件缺少finance字段或财务数据为空,异常
SH600019,2026-04-20 00:05:17,K线数据缺失,,JSON文件缺少kline字段或K线数据为空,异常
SH600019,2026-04-20 00:05:17,财务数据缺失,,JSON文件缺少finance字段或财务数据为空,异常
SH600023,2026-04-20 00:05:17,K线数据缺失,,JSON文件缺少kline字段或K线数据为空,异常
SH600023,2026-04-20 00:05:17,财务数据缺失,,JSON文件缺少finance字段或财务数据为空,异常
SH600025,2026-04-20 00:05:17,K线数据缺失,,JSON文件缺少kline字段或K线数据为空,异常
SH600025,2026-04-20 00:05:17,财务数据缺失,,JSON文件缺少finance字段或财务数据为空,异常
SH600026,2026-04-20 00:05:17,K线数据缺失,,JSON文件缺少kline字段或K线数据为空,异常
SH600026,2026-04-20 00:05:17,财务数据缺失,,JSON文件缺少finance字段或财务数据为空,异常
SH600028,2026-04-20 00:05:17,K线数据缺失,,JSON文件缺少kline字段或K线数据为空,异常
SH600028,2026-04-20 00:05:17,财务数据缺失,,JSON文件缺少finance字段或财务数据为空,异常
SH600029,2026-04-20 00:05:17,K线数据缺失,,JSON文件缺少kline字段或K线数据为空,异常
SH600029,2026-04-20 00:05:17,财务数据缺失,,JSON文件缺少finance字段或财务数据为空,异常
SH600030,2026-04-20 00:05:17,K线数据缺失,,JSON文件缺少kline字段或K线数据为空,异常
SH600030,2026-04-20 00:05:17,财务数据缺失,,JSON文件缺少finance字段或财务数据为空,异常
SH600031,2026-04-20 00:05:17,K线数据缺失,,JSON文件缺少kline字段或K线数据为空,异常
SH600031,2026-04-20 00:05:17,财务数据缺失,,JSON文件缺少finance字段或财务数据为空,异常
SH600036,2026-04-20 00:05:17,K线数据缺失,,JSON文件缺少kline字段或K线数据为空,异常
SH600036,2026-04-20 00:05:17,财务数据缺失,,JSON文件缺少finance字段或财务数据为空,异常
SH600039,2026-04-20 00:05:17,K线数据缺失,,JSON文件缺少kline字段或K线数据为空,异常
SH600039,2026-04-20 00:05:17,财务数据缺失,,JSON文件缺少finance字段或财务数据为空,异常
SH600048,2026-04-20 00:05:17,K线数据缺失,,JSON文件缺少kline字段或K线数据为空,异常
SH600048,2026-04-20 00:05:17,财务数据缺失,,JSON文件缺少finance字段或财务数据为空,异常
SH600050,2026-04-20 00:05:17,K线数据缺失,,JSON文件缺少kline字段或K线数据为空,异常
SH600050,2026-04-20 00:05:17,财务数据缺失,,JSON文件缺少finance字段或财务数据为空,异常
SH600061,2026-04-20 00:05:17,K线数据缺失,,JSON文件缺少kline字段或K线数据为空,异常
SH600061,2026-04-20 00:05:17,财务数据缺失,,JSON文件缺少finance字段或财务数据为空,异常
SH600066,2026-04-20 00:05:17,K线数据缺失,,JSON文件缺少kline字段或K线数据为空,异常
SH600066,2026-04-20 00:05:17,财务数据缺失,,JSON文件缺少finance字段或财务数据为空,异常
SH600085,2026-04-20 00:05:17,K线数据缺失,,JSON文件缺少kline字段或K线数据为空,异常
SH600085,2026-04-20 00:05:17,财务数据缺失,,JSON文件缺少finance字段或财务数据为空,异常
SH600089,2026-04-20 00:05:17,K线数据缺失,,JSON文件缺少kline字段或K线数据为空,异常
SH600089,2026-04-20 00:05:17,财务数据缺失,,JSON文件缺少finance字段或财务数据为空,异常
SH600104,2026-04-20 00:05:17,K线数据缺失,,JSON文件缺少kline字段或K线数据为空,异常
SH600111,2026-04-20 00:05:17,K线数据缺失,,JSON文件缺少kline字段或K线数据为空,异常
SH600111,2026-04-20 00:05:17,财务数据缺失,,JSON文件缺少finance字段或财务数据为空,异常
SH600115,2026-04-20 00:05:17,K线数据缺失,,JSON文件缺少kline字段或K线数据为空,异常
SH600115,2026-04-20 00:05:17,财务数据缺失,,JSON文件缺少finance字段或财务数据为空,异常
SH600150,2026-04-20 00:05:17,K线数据缺失,,JSON文件缺少kline字段或K线数据为空,异常
SH600150,2026-04-20 00:05:17,财务数据缺失,,JSON文件缺少finance字段或财务数据为空,异常
SH600160,2026-04-20 00:05:17,K线数据缺失,,JSON文件缺少kline字段或K线数据为空,异常
SH600160,2026-04-20 00:05:17,财务数据缺失,,JSON文件缺少finance字段或财务数据为空,异常
SH600161,2026-04-20 00:05:17,K线数据缺失,,JSON文件缺少kline字段或K线数据为空,异常
SH600161,2026-04-20 00:05:17,财务数据缺失,,JSON文件缺少finance字段或财务数据为空,异常
SH600176,2026-04-20 00:05:17,K线数据缺失,,JSON文件缺少kline字段或K线数据为空,异常
SH600176,2026-04-20 00:05:17,财务数据缺失,,JSON文件缺少finance字段或财务数据为空,异常
SH600183,2026-04-20 00:05:17,K线数据缺失,,JSON文件缺少kline字段或K线数据为空,异常
SH600183,2026-04-20 00:05:17,财务数据缺失,,JSON文件缺少finance字段或财务数据为空,异常
SH600188,2026-04-20 00:05:17,K线数据缺失,,JSON文件缺少kline字段或K线数据为空,异常
SH600188,2026-04-20 00:05:17,财务数据缺失,,JSON文件缺少finance字段或财务数据为空,异常
SH600196,2026-04-20 00:05:17,K线数据缺失,,JSON文件缺少kline字段或K线数据为空,异常
SH600219,2026-04-20 00:05:17,K线数据缺失,,JSON文件缺少kline字段或K线数据为空,异常
SH600219,2026-04-20 00:05:17,财务数据缺失,,JSON文件缺少finance字段或财务数据为空,异常
SH600233,2026-04-20 00:05:17,K线数据缺失,,JSON文件缺少kline字段或K线数据为空,异常
SH600233,2026-04-20 00:05:17,财务数据缺失,,JSON文件缺少finance字段或财务数据为空,异常
SH600276,2026-04-20 00:05:17,K线数据缺失,,JSON文件缺少kline字段或K线数据为空,异常
SH600299,2026-04-20 00:05:17,K线数据缺失,,JSON文件缺少kline字段或K线数据为空,异常
SH600299,2026-04-20 00:05:17,财务数据缺失,,JSON文件缺少finance字段或财务数据为空,异常
SH600309,2026-04-20 00:05:17,K线数据缺失,,JSON文件缺少kline字段或K线数据为空,异常
SH600346,2026-04-20 00:05:17,K线数据缺失,,JSON文件缺少kline字段或K线数据为空,异常
SH600346,2026-04-20 00:05:17,财务数据缺失,,JSON文件缺少finance字段或财务数据为空,异常
SH600352,2026-04-20 00:05:17,K线数据缺失,,JSON文件缺少kline字段或K线数据为空,异常
SH600352,2026-04-20 00:05:17,财务数据缺失,,JSON文件缺少finance字段或财务数据为空,异常
SH600362,2026-04-20 00:05:17,K线数据缺失,,JSON文件缺少kline字段或K线数据为空,异常
SH600362,2026-04-20 00:05:17,财务数据缺失,,JSON文件缺少finance字段或财务数据为空,异常
SH600372,2026-04-20 00:05:17,K线数据缺失,,JSON文件缺少kline字段或K线数据为空,异常
SH600372,2026-04-20 00:05:17,财务数据缺失,,JSON文件缺少finance字段或财务数据为空,异常
SH600377,2026-04-20 00:05:17,K线数据缺失,,JSON文件缺少kline字段或K线数据为空,异常
SH600377,2026-04-20 00:05:17,财务数据缺失,,JSON文件缺少finance字段或财务数据为空,异常
SH600406,2026-04-20 00:05:17,K线数据缺失,,JSON文件缺少kline字段或K线数据为空,异常
SH600406,2026-04-20 00:05:17,财务数据缺失,,JSON文件缺少finance字段或财务数据为空,异常
SH600426,2026-04-20 00:05:17,K线数据缺失,,JSON文件缺少kline字段或K线数据为空,异常
SH600426,2026-04-20 00:05:17,财务数据缺失,,JSON文件缺少finance字段或财务数据为空,异常
SH600436,2026-04-20 00:05:17,K线数据缺失,,JSON文件缺少kline字段或K线数据为空,异常
SH600436,2026-04-20 00:05:17,财务数据缺失,,JSON文件缺少finance字段或财务数据为空,异常
SH600438,2026-04-20 00:05:17,K线数据缺失,,JSON文件缺少kline字段或K线数据为空,异常
SH600438,2026-04-20 00:05:17,财务数据缺失,,JSON文件缺少finance字段或财务数据为空,异常
SH600460,2026-04-20 00:05:17,K线数据缺失,,JSON文件缺少kline字段或K线数据为空,异常
SH600460,2026-04-20 00:05:17,财务数据缺失,,JSON文件缺少finance字段或财务数据为空,异常
SH600482,2026-04-20 00:05:17,K线数据缺失,,JSON文件缺少kline字段或K线数据为空,异常
SH600482,2026-04-20 00:05:17,财务数据缺失,,JSON文件缺少finance字段或财务数据为空,异常
SH600489,2026-04-20 00:05:17,K线数据缺失,,JSON文件缺少kline字段或K线数据为空,异常
SH600489,2026-04-20 00:05:17,财务数据缺失,,JSON文件缺少finance字段或财务数据为空,异常
SH600515,2026-04-20 00:05:17,K线数据缺失,,JSON文件缺少kline字段或K线数据为空,异常
SH600515,2026-04-20 00:05:17,财务数据缺失,,JSON文件缺少finance字段或财务数据为空,异常
SH600519,2026-04-20 00:05:17,K线数据缺失,,JSON文件缺少kline字段或K线数据为空,异常
SH600519,2026-04-20 00:05:17,财务数据缺失,,JSON文件缺少finance字段或财务数据为空,异常
SH600522,2026-04-20 00:05:17,K线数据缺失,,JSON文件缺少kline字段或K线数据为空,异常
SH600522,2026-04-20 00:05:17,财务数据缺失,,JSON文件缺少finance字段或财务数据为空,异常
SH600547,2026-04-20 00:05:17,K线数据缺失,,JSON文件缺少kline字段或K线数据为空,异常
SH600547,2026-04-20 00:05:17,财务数据缺失,,JSON文件缺少finance字段或财务数据为空,异常
SH600570,2026-04-20 00:05:17,K线数据缺失,,JSON文件缺少kline字段或K线数据为空,异常
SH600570,2026-04-20 00:05:17,财务数据缺失,,JSON文件缺少finance字段或财务数据为空,异常
SH600584,2026-04-20 00:05:17,K线数据缺失,,JSON文件缺少kline字段或K线数据为空,异常
SH600584,2026-04-20 00:05:17,财务数据缺失,,JSON文件缺少finance字段或财务数据为空,异常
SH600585,2026-04-20 00:05:17,K线数据缺失,,JSON文件缺少kline字段或K线数据为空,异常
SH600588,2026-04-20 00:05:17,K线数据缺失,,JSON文件缺少kline字段或K线数据为空,异常
SH600588,2026-04-20 00:05:17,财务数据缺失,,JSON文件缺少finance字段或财务数据为空,异常
SH600600,2026-04-20 00:05:17,K线数据缺失,,JSON文件缺少kline字段或K线数据为空,异常
SH600600,2026-04-20 00:05:17,财务数据缺失,,JSON文件缺少finance字段或财务数据为空,异常
SH600660,2026-04-20 00:05:17,K线数据缺失,,JSON文件缺少kline字段或K线数据为空,异常
SH600660,2026-04-20 00:05:17,财务数据缺失,,JSON文件缺少finance字段或财务数据为空,异常
SH600674,2026-04-20 00:05:17,K线数据缺失,,JSON文件缺少kline字段或K线数据为空,异常
SH600674,2026-04-20 00:05:17,财务数据缺失,,JSON文件缺少finance字段或财务数据为空,异常
SH600690,2026-04-20 00:05:17,K线数据缺失,,JSON文件缺少kline字段或K线数据为空,异常
SH600690,2026-04-20 00:05:17,财务数据缺失,,JSON文件缺少finance字段或财务数据为空,异常
SH600703,2026-04-20 00:05:17,K线数据缺失,,JSON文件缺少kline字段或K线数据为空,异常
SH600741,2026-04-20 00:05:17,K线数据缺失,,JSON文件缺少kline字段或K线数据为空,异常
SH600741,2026-04-20 00:05:17,财务数据缺失,,JSON文件缺少finance字段或财务数据为空,异常
SH600745,2026-04-20 00:05:17,K线数据缺失,,JSON文件缺少kline字段或K线数据为空,异常
SH600745,2026-04-20 00:05:17,财务数据缺失,,JSON文件缺少finance字段或财务数据为空,异常
SH600760,2026-04-20 00:05:17,K线数据缺失,,JSON文件缺少kline字段或K线数据为空,异常
SH600760,2026-04-20 00:05:17,财务数据缺失,,JSON文件缺少finance字段或财务数据为空,异常
SH600795,2026-04-20 00:05:17,K线数据缺失,,JSON文件缺少kline字段或K线数据为空,异常
SH600795,2026-04-20 00:05:17,财务数据缺失,,JSON文件缺少finance字段或财务数据为空,异常
SH600803,2026-04-20 00:05:17,K线数据缺失,,JSON文件缺少kline字段或K线数据为空,异常
SH600803,2026-04-20 00:05:17,财务数据缺失,,JSON文件缺少finance字段或财务数据为空,异常
SH600809,2026-04-20 00:05:17,K线数据缺失,,JSON文件缺少kline字段或K线数据为空,异常
SH600809,2026-04-20 00:05:17,财务数据缺失,,JSON文件缺少finance字段或财务数据为空,异常
SH600837,2026-04-20 00:05:17,K线数据缺失,,JSON文件缺少kline字段或K线数据为空,异常
SH600837,2026-04-20 00:05:17,行情数据缺失,,JSON文件缺少quote字段或行情数据为空,异常
SH600837,2026-04-20 00:05:17,财务数据缺失,,JSON文件缺少finance字段或财务数据为空,异常
SH600837,2026-04-20 00:05:17,资金流向数据缺失,,JSON文件缺少money_flow字段或资金流向数据为空,异常
SH600845,2026-04-20 00:05:17,K线数据缺失,,JSON文件缺少kline字段或K线数据为空,异常
SH600845,2026-04-20 00:05:17,财务数据缺失,,JSON文件缺少finance字段或财务数据为空,异常
SH600875,2026-04-20 00:05:17,K线数据缺失,,JSON文件缺少kline字段或K线数据为空,异常
SH600875,2026-04-20 00:05:17,财务数据缺失,,JSON文件缺少finance字段或财务数据为空,异常
SH600886,2026-04-20 00:05:17,K线数据缺失,,JSON文件缺少kline字段或K线数据为空,异常
SH600886,2026-04-20 00:05:17,财务数据缺失,,JSON文件缺少finance字段或财务数据为空,异常
SH600887,2026-04-20 00:05:17,K线数据缺失,,JSON文件缺少kline字段或K线数据为空,异常
SH600893,2026-04-20 00:05:17,K线数据缺失,,JSON文件缺少kline字段或K线数据为空,异常
SH600893,2026-04-20 00:05:17,财务数据缺失,,JSON文件缺少finance字段或财务数据为空,异常
SH600900,2026-04-20 00:05:17,K线数据缺失,,JSON文件缺少kline字段或K线数据为空,异常
SH600900,2026-04-20 00:05:17,财务数据缺失,,JSON文件缺少finance字段或财务数据为空,异常
SH600905,2026-04-20 00:05:17,K线数据缺失,,JSON文件缺少kline字段或K线数据为空,异常
SH600905,2026-04-20 00:05:17,财务数据缺失,,JSON文件缺少finance字段或财务数据为空,异常
SH600918,2026-04-20 00:05:17,K线数据缺失,,JSON文件缺少kline字段或K线数据为空,异常
SH600918,2026-04-20 00:05:17,财务数据缺失,,JSON文件缺少finance字段或财务数据为空,异常
SH600919,2026-04-20 00:05:17,K线数据缺失,,JSON文件缺少kline字段或K线数据为空,异常
SH600919,2026-04-20 00:05:17,财务数据缺失,,JSON文件缺少finance字段或财务数据为空,异常
SH600926,2026-04-20 00:05:17,K线数据缺失,,JSON文件缺少kline字段或K线数据为空,异常
SH600926,2026-04-20 00:05:17,财务数据缺失,,JSON文件缺少finance字段或财务数据为空,异常
SH600941,2026-04-20 00:05:17,K线数据缺失,,JSON文件缺少kline字段或K线数据为空,异常
SH600941,2026-04-20 00:05:17,财务数据缺失,,JSON文件缺少finance字段或财务数据为空,异常
SH600958,2026-04-20 00:05:17,K线数据缺失,,JSON文件缺少kline字段或K线数据为空,异常
SH600958,2026-04-20 00:05:17,财务数据缺失,,JSON文件缺少finance字段或财务数据为空,异常
SH600989,2026-04-20 00:05:17,K线数据缺失,,JSON文件缺少kline字段或K线数据为空,异常
SH600989,2026-04-20 00:05:17,财务数据缺失,,JSON文件缺少finance字段或财务数据为空,异常
SH600999,2026-04-20 00:05:17,K线数据缺失,,JSON文件缺少kline字段或K线数据为空,异常
SH600999,2026-04-20 00:05:17,财务数据缺失,,JSON文件缺少finance字段或财务数据为空,异常
SH601006,2026-04-20 00:05:17,K线数据缺失,,JSON文件缺少kline字段或K线数据为空,异常
SH601006,2026-04-20 00:05:17,财务数据缺失,,JSON文件缺少finance字段或财务数据为空,异常
SH601009,2026-04-20 00:05:17,K线数据缺失,,JSON文件缺少kline字段或K线数据为空,异常
SH601009,2026-04-20 00:05:17,财务数据缺失,,JSON文件缺少finance字段或财务数据为空,异常
SH601012,2026-04-20 00:05:17,K线数据缺失,,JSON文件缺少kline字段或K线数据为空,异常
SH601012,2026-04-20 00:05:17,财务数据缺失,,JSON文件缺少finance字段或财务数据为空,异常
SH601018,2026-04-20 00:05:17,K线数据缺失,,JSON文件缺少kline字段或K线数据为空,异常
SH601018,2026-04-20 00:05:17,财务数据缺失,,JSON文件缺少finance字段或财务数据为空,异常
SH601021,2026-04-20 00:05:17,K线数据缺失,,JSON文件缺少kline字段或K线数据为空,异常
SH601021,2026-04-20 00:05:17,财务数据缺失,,JSON文件缺少finance字段或财务数据为空,异常
SH601058,2026-04-20 00:05:17,K线数据缺失,,JSON文件缺少kline字段或K线数据为空,异常
SH601058,2026-04-20 00:05:17,财务数据缺失,,JSON文件缺少finance字段或财务数据为空,异常
SH601059,2026-04-20 00:05:17,K线数据缺失,,JSON文件缺少kline字段或K线数据为空,异常
SH601059,2026-04-20 00:05:17,财务数据缺失,,JSON文件缺少finance字段或财务数据为空,异常
SH601066,2026-04-20 00:05:17,K线数据缺失,,JSON文件缺少kline字段或K线数据为空,异常
SH601066,2026-04-20 00:05:17,财务数据缺失,,JSON文件缺少finance字段或财务数据为空,异常
SH601077,2026-04-20 00:05:17,K线数据缺失,,JSON文件缺少kline字段或K线数据为空,异常
SH601077,2026-04-20 00:05:17,财务数据缺失,,JSON文件缺少finance字段或财务数据为空,异常
SH601088,2026-04-20 00:05:17,K线数据缺失,,JSON文件缺少kline字段或K线数据为空,异常
SH601088,2026-04-20 00:05:17,财务数据缺失,,JSON文件缺少finance字段或财务数据为空,异常
SH601100,2026-04-20 00:05:17,K线数据缺失,,JSON文件缺少kline字段或K线数据为空,异常
SH601100,2026-04-20 00:05:17,财务数据缺失,,JSON文件缺少finance字段或财务数据为空,异常
SH601111,2026-04-20 00:05:17,K线数据缺失,,JSON文件缺少kline字段或K线数据为空,异常
SH601111,2026-04-20 00:05:17,财务数据缺失,,JSON文件缺少finance字段或财务数据为空,异常
SH601117,2026-04-20 00:05:17,K线数据缺失,,JSON文件缺少kline字段或K线数据为空,异常
SH601117,2026-04-20 00:05:17,财务数据缺失,,JSON文件缺少finance字段或财务数据为空,异常
SH601127,2026-04-20 00:05:17,K线数据缺失,,JSON文件缺少kline字段或K线数据为空,异常
SH601127,2026-04-20 00:05:17,财务数据缺失,,JSON文件缺少finance字段或财务数据为空,异常
SH601136,2026-04-20 00:05:17,K线数据缺失,,JSON文件缺少kline字段或K线数据为空,异常
SH601136,2026-04-20 00:05:17,财务数据缺失,,JSON文件缺少finance字段或财务数据为空,异常
SH601138,2026-04-20 00:05:17,K线数据缺失,,JSON文件缺少kline字段或K线数据为空,异常
SH601138,2026-04-20 00:05:17,财务数据缺失,,JSON文件缺少finance字段或财务数据为空,异常
SH601155,2026-04-20 00:05:17,K线数据缺失,,JSON文件缺少kline字段或K线数据为空,异常
SH601155,2026-04-20 00:05:17,财务数据缺失,,JSON文件缺少finance字段或财务数据为空,异常
SH601166,2026-04-20 00:05:17,K线数据缺失,,JSON文件缺少kline字段或K线数据为空,异常
SH601166,2026-04-20 00:05:17,财务数据缺失,,JSON文件缺少finance字段或财务数据为空,异常
SH601169,2026-04-20 00:05:17,K线数据缺失,,JSON文件缺少kline字段或K线数据为空,异常
SH601169,2026-04-20 00:05:17,财务数据缺失,,JSON文件缺少finance字段或财务数据为空,异常
SH601186,2026-04-20 00:05:17,K线数据缺失,,JSON文件缺少kline字段或K线数据为空,异常
SH601186,2026-04-20 00:05:17,财务数据缺失,,JSON文件缺少finance字段或财务数据为空,异常
SH601211,2026-04-20 00:05:17,K线数据缺失,,JSON文件缺少kline字段或K线数据为空,异常
SH601211,2026-04-20 00:05:17,财务数据缺失,,JSON文件缺少finance字段或财务数据为空,异常
SH601225,2026-04-20 00:05:17,K线数据缺失,,JSON文件缺少kline字段或K线数据为空,异常
SH601225,2026-04-20 00:05:17,财务数据缺失,,JSON文件缺少finance字段或财务数据为空,异常
SH601229,2026-04-20 00:05:17,K线数据缺失,,JSON文件缺少kline字段或K线数据为空,异常
SH601229,2026-04-20 00:05:17,财务数据缺失,,JSON文件缺少finance字段或财务数据为空,异常
SH601231,2026-04-20 00:05:17,K线数据缺失,,JSON文件缺少kline字段或K线数据为空,异常
SH601231,2026-04-20 00:05:17,财务数据缺失,,JSON文件缺少finance字段或财务数据为空,异常
SH601236,2026-04-20 00:05:17,K线数据缺失,,JSON文件缺少kline字段或K线数据为空,异常
SH601236,2026-04-20 00:05:17,财务数据缺失,,JSON文件缺少finance字段或财务数据为空,异常
SH601238,2026-04-20 00:05:17,K线数据缺失,,JSON文件缺少kline字段或K线数据为空,异常
SH601238,2026-04-20 00:05:17,财务数据缺失,,JSON文件缺少finance字段或财务数据为空,异常
SH601288,2026-04-20 00:05:17,K线数据缺失,,JSON文件缺少kline字段或K线数据为空,异常
SH601288,2026-04-20 00:05:17,财务数据缺失,,JSON文件缺少finance字段或财务数据为空,异常
SH601298,2026-04-20 00:05:17,K线数据缺失,,JSON文件缺少kline字段或K线数据为空,异常
SH601298,2026-04-20 00:05:17,财务数据缺失,,JSON文件缺少finance字段或财务数据为空,异常
SH601318,2026-04-20 00:05:17,K线数据缺失,,JSON文件缺少kline字段或K线数据为空,异常
SH601319,2026-04-20 00:05:17,K线数据缺失,,JSON文件缺少kline字段或K线数据为空,异常
SH601319,2026-04-20 00:05:17,财务数据缺失,,JSON文件缺少finance字段或财务数据为空,异常
SH601328,2026-04-20 00:05:17,K线数据缺失,,JSON文件缺少kline字段或K线数据为空,异常
SH601328,2026-04-20 00:05:17,财务数据缺失,,JSON文件缺少finance字段或财务数据为空,异常
SH601336,2026-04-20 00:05:17,K线数据缺失,,JSON文件缺少kline字段或K线数据为空,异常
SH601336,2026-04-20 00:05:17,财务数据缺失,,JSON文件缺少finance字段或财务数据为空,异常
SH601360,2026-04-20 00:05:17,K线数据缺失,,JSON文件缺少kline字段或K线数据为空,异常
SH601360,2026-04-20 00:05:17,财务数据缺失,,JSON文件缺少finance字段或财务数据为空,异常
SH601377,2026-04-20 00:05:17,K线数据缺失,,JSON文件缺少kline字段或K线数据为空,异常
SH601377,2026-04-20 00:05:17,财务数据缺失,,JSON文件缺少finance字段或财务数据为空,异常
SH601390,2026-04-20 00:05:17,K线数据缺失,,JSON文件缺少kline字段或K线数据为空,异常
SH601390,2026-04-20 00:05:17,财务数据缺失,,JSON文件缺少finance字段或财务数据为空,异常
SH601398,2026-04-20 00:05:17,K线数据缺失,,JSON文件缺少kline字段或K线数据为空,异常
SH601398,2026-04-20 00:05:17,财务数据缺失,,JSON文件缺少finance字段或财务数据为空,异常
SH601555,2026-04-20 00:05:17,K线数据缺失,,JSON文件缺少kline字段或K线数据为空,异常
SH601555,2026-04-20 00:05:17,财务数据缺失,,JSON文件缺少finance字段或财务数据为空,异常
SH601577,2026-04-20 00:05:17,K线数据缺失,,JSON文件缺少kline字段或K线数据为空,异常
SH601577,2026-04-20 00:05:17,财务数据缺失,,JSON文件缺少finance字段或财务数据为空,异常
SH601600,2026-04-20 00:05:17,K线数据缺失,,JSON文件缺少kline字段或K线数据为空,异常
SH601600,2026-04-20 00:05:17,财务数据缺失,,JSON文件缺少finance字段或财务数据为空,异常
SH601601,2026-04-20 00:05:17,K线数据缺失,,JSON文件缺少kline字段或K线数据为空,异常
SH601601,2026-04-20 00:05:17,财务数据缺失,,JSON文件缺少finance字段或财务数据为空,异常
SH601607,2026-04-20 00:05:17,K线数据缺失,,JSON文件缺少kline字段或K线数据为空,异常
SH601607,2026-04-20 00:05:17,财务数据缺失,,JSON文件缺少finance字段或财务数据为空,异常
SH601618,2026-04-20 00:05:17,K线数据缺失,,JSON文件缺少kline字段或K线数据为空,异常
SH601618,2026-04-20 00:05:17,财务数据缺失,,JSON文件缺少finance字段或财务数据为空,异常
SH601628,2026-04-20 00:05:17,K线数据缺失,,JSON文件缺少kline字段或K线数据为空,异常
SH601628,2026-04-20 00:05:17,财务数据缺失,,JSON文件缺少finance字段或财务数据为空,异常
SH601633,2026-04-20 00:05:17,K线数据缺失,,JSON文件缺少kline字段或K线数据为空,异常
SH601633,2026-04-20 00:05:17,财务数据缺失,,JSON文件缺少finance字段或财务数据为空,异常
SH601658,2026-04-20 00:05:17,K线数据缺失,,JSON文件缺少kline字段或K线数据为空,异常
SH601658,2026-04-20 00:05:17,财务数据缺失,,JSON文件缺少finance字段或财务数据为空,异常
SH601668,2026-04-20 00:05:17,K线数据缺失,,JSON文件缺少kline字段或K线数据为空,异常
SH601669,2026-04-20 00:05:17,K线数据缺失,,JSON文件缺少kline字段或K线数据为空,异常
SH601669,2026-04-20 00:05:17,财务数据缺失,,JSON文件缺少finance字段或财务数据为空,异常
SH601688,2026-04-20 00:05:17,K线数据缺失,,JSON文件缺少kline字段或K线数据为空,异常
SH601688,2026-04-20 00:05:17,财务数据缺失,,JSON文件缺少finance字段或财务数据为空,异常
SH601689,2026-04-20 00:05:17,K线数据缺失,,JSON文件缺少kline字段或K线数据为空,异常
SH601689,2026-04-20 00:05:17,财务数据缺失,,JSON文件缺少finance字段或财务数据为空,异常
SH601698,2026-04-20 00:05:17,K线数据缺失,,JSON文件缺少kline字段或K线数据为空,异常
SH601698,2026-04-20 00:05:17,财务数据缺失,,JSON文件缺少finance字段或财务数据为空,异常
SH601727,2026-04-20 00:05:17,K线数据缺失,,JSON文件缺少kline字段或K线数据为空,异常
SH601727,2026-04-20 00:05:17,财务数据缺失,,JSON文件缺少finance字段或财务数据为空,异常
SH601728,2026-04-20 00:05:17,K线数据缺失,,JSON文件缺少kline字段或K线数据为空,异常
SH601728,2026-04-20 00:05:17,财务数据缺失,,JSON文件缺少finance字段或财务数据为空,异常
SH601766,2026-04-20 00:05:17,K线数据缺失,,JSON文件缺少kline字段或K线数据为空,异常
SH601766,2026-04-20 00:05:17,财务数据缺失,,JSON文件缺少finance字段或财务数据为空,异常
SH601788,2026-04-20 00:05:17,K线数据缺失,,JSON文件缺少kline字段或K线数据为空,异常
SH601788,2026-04-20 00:05:17,财务数据缺失,,JSON文件缺少finance字段或财务数据为空,异常
SH601800,2026-04-20 00:05:17,K线数据缺失,,JSON文件缺少kline字段或K线数据为空,异常
SH601800,2026-04-20 00:05:17,财务数据缺失,,JSON文件缺少finance字段或财务数据为空,异常
SH601808,2026-04-20 00:05:17,K线数据缺失,,JSON文件缺少kline字段或K线数据为空,异常
SH601808,2026-04-20 00:05:17,财务数据缺失,,JSON文件缺少finance字段或财务数据为空,异常
SH601816,2026-04-20 00:05:17,K线数据缺失,,JSON文件缺少kline字段或K线数据为空,异常
SH601816,2026-04-20 00:05:17,财务数据缺失,,JSON文件缺少finance字段或财务数据为空,异常
SH601818,2026-04-20 00:05:17,K线数据缺失,,JSON文件缺少kline字段或K线数据为空,异常
SH601818,2026-04-20 00:05:17,财务数据缺失,,JSON文件缺少finance字段或财务数据为空,异常
SH601838,2026-04-20 00:05:17,K线数据缺失,,JSON文件缺少kline字段或K线数据为空,异常
SH601838,2026-04-20 00:05:17,财务数据缺失,,JSON文件缺少finance字段或财务数据为空,异常
SH601857,2026-04-20 00:05:17,K线数据缺失,,JSON文件缺少kline字段或K线数据为空,异常
SH601857,2026-04-20 00:05:17,财务数据缺失,,JSON文件缺少finance字段或财务数据为空,异常
SH601868,2026-04-20 00:05:17,K线数据缺失,,JSON文件缺少kline字段或K线数据为空,异常
SH601868,2026-04-20 00:05:17,财务数据缺失,,JSON文件缺少finance字段或财务数据为空,异常
SH601872,2026-04-20 00:05:17,K线数据缺失,,JSON文件缺少kline字段或K线数据为空,异常
SH601872,2026-04-20 00:05:17,财务数据缺失,,JSON文件缺少finance字段或财务数据为空,异常
SH601877,2026-04-20 00:05:17,K线数据缺失,,JSON文件缺少kline字段或K线数据为空,异常
SH601877,2026-04-20 00:05:17,财务数据缺失,,JSON文件缺少finance字段或财务数据为空,异常
SH601878,2026-04-20 00:05:17,K线数据缺失,,JSON文件缺少kline字段或K线数据为空,异常
SH601878,2026-04-20 00:05:17,财务数据缺失,,JSON文件缺少finance字段或财务数据为空,异常
SH601881,2026-04-20 00:05:17,K线数据缺失,,JSON文件缺少kline字段或K线数据为空,异常
SH601881,2026-04-20 00:05:17,财务数据缺失,,JSON文件缺少finance字段或财务数据为空,异常
SH601888,2026-04-20 00:05:17,K线数据缺失,,JSON文件缺少kline字段或K线数据为空,异常
SH601898,2026-04-20 00:05:17,K线数据缺失,,JSON文件缺少kline字段或K线数据为空,异常
SH601898,2026-04-20 00:05:17,财务数据缺失,,JSON文件缺少finance字段或财务数据为空,异常
SH601899,2026-04-20 00:05:17,K线数据缺失,,JSON文件缺少kline字段或K线数据为空,异常
SH601899,2026-04-20 00:05:17,财务数据缺失,,JSON文件缺少finance字段或财务数据为空,异常
SH601901,2026-04-20 00:05:17,K线数据缺失,,JSON文件缺少kline字段或K线数据为空,异常
SH601901,2026-04-20 00:05:17,财务数据缺失,,JSON文件缺少finance字段或财务数据为空,异常
SH601916,2026-04-20 00:05:17,K线数据缺失,,JSON文件缺少kline字段或K线数据为空,异常
SH601916,2026-04-20 00:05:17,财务数据缺失,,JSON文件缺少finance字段或财务数据为空,异常
SH601919,2026-04-20 00:05:17,K线数据缺失,,JSON文件缺少kline字段或K线数据为空,异常
SH601919,2026-04-20 00:05:17,财务数据缺失,,JSON文件缺少finance字段或财务数据为空,异常
SH601939,2026-04-20 00:05:17,K线数据缺失,,JSON文件缺少kline字段或K线数据为空,异常
SH601939,2026-04-20 00:05:17,财务数据缺失,,JSON文件缺少finance字段或财务数据为空,异常
SH601985,2026-04-20 00:05:17,K线数据缺失,,JSON文件缺少kline字段或K线数据为空,异常
SH601988,2026-04-20 00:05:17,K线数据缺失,,JSON文件缺少kline字段或K线数据为空,异常
SH601988,2026-04-20 00:05:17,财务数据缺失,,JSON文件缺少finance字段或财务数据为空,异常
SH601995,2026-04-20 00:05:17,K线数据缺失,,JSON文件缺少kline字段或K线数据为空,异常
SH601995,2026-04-20 00:05:17,财务数据缺失,,JSON文件缺少finance字段或财务数据为空,异常
SH601998,2026-04-20 00:05:17,K线数据缺失,,JSON文件缺少kline字段或K线数据为空,异常
SH601998,2026-04-20 00:05:17,财务数据缺失,,JSON文件缺少finance字段或财务数据为空,异常
SH603195,2026-04-20 00:05:17,K线数据缺失,,JSON文件缺少kline字段或K线数据为空,异常
SH603195,2026-04-20 00:05:17,财务数据缺失,,JSON文件缺少finance字段或财务数据为空,异常
SH603259,2026-04-20 00:05:17,K线数据缺失,,JSON文件缺少kline字段或K线数据为空,异常
SH603259,2026-04-20 00:05:17,财务数据缺失,,JSON文件缺少finance字段或财务数据为空,异常
SH603260,2026-04-20 00:05:17,K线数据缺失,,JSON文件缺少kline字段或K线数据为空,异常
SH603260,2026-04-20 00:05:17,财务数据缺失,,JSON文件缺少finance字段或财务数据为空,异常
SH603288,2026-04-20 00:05:17,K线数据缺失,,JSON文件缺少kline字段或K线数据为空,异常
SH603288,2026-04-20 00:05:17,财务数据缺失,,JSON文件缺少finance字段或财务数据为空,异常
SH603296,2026-04-20 00:05:17,K线数据缺失,,JSON文件缺少kline字段或K线数据为空,异常
SH603296,2026-04-20 00:05:17,财务数据缺失,,JSON文件缺少finance字段或财务数据为空,异常
SH603369,2026-04-20 00:05:17,K线数据缺失,,JSON文件缺少kline字段或K线数据为空,异常
SH603369,2026-04-20 00:05:17,财务数据缺失,,JSON文件缺少finance字段或财务数据为空,异常
SH603392,2026-04-20 00:05:17,K线数据缺失,,JSON文件缺少kline字段或K线数据为空,异常
SH603392,2026-04-20 00:05:17,财务数据缺失,,JSON文件缺少finance字段或财务数据为空,异常
SH603501,2026-04-20 00:05:17,K线数据缺失,,JSON文件缺少kline字段或K线数据为空,异常
SH603501,2026-04-20 00:05:17,财务数据缺失,,JSON文件缺少finance字段或财务数据为空,异常
SH603596,2026-04-20 00:05:17,K线数据缺失,,JSON文件缺少kline字段或K线数据为空,异常
SH603596,2026-04-20 00:05:17,财务数据缺失,,JSON文件缺少finance字段或财务数据为空,异常
SH603659,2026-04-20 00:05:17,K线数据缺失,,JSON文件缺少kline字段或K线数据为空,异常
SH603659,2026-04-20 00:05:17,财务数据缺失,,JSON文件缺少finance字段或财务数据为空,异常
SH603799,2026-04-20 00:05:17,K线数据缺失,,JSON文件缺少kline字段或K线数据为空,异常
SH603799,2026-04-20 00:05:17,财务数据缺失,,JSON文件缺少finance字段或财务数据为空,异常
SH603893,2026-04-20 00:05:17,K线数据缺失,,JSON文件缺少kline字段或K线数据为空,异常
SH603893,2026-04-20 00:05:17,财务数据缺失,,JSON文件缺少finance字段或财务数据为空,异常
SH603986,2026-04-20 00:05:17,K线数据缺失,,JSON文件缺少kline字段或K线数据为空,异常
SH603986,2026-04-20 00:05:17,财务数据缺失,,JSON文件缺少finance字段或财务数据为空,异常
SH603993,2026-04-20 00:05:17,K线数据缺失,,JSON文件缺少kline字段或K线数据为空,异常
SH603993,2026-04-20 00:05:17,财务数据缺失,,JSON文件缺少finance字段或财务数据为空,异常
SH605117,2026-04-20 00:05:17,K线数据缺失,,JSON文件缺少kline字段或K线数据为空,异常
SH605117,2026-04-20 00:05:17,财务数据缺失,,JSON文件缺少finance字段或财务数据为空,异常
SH605499,2026-04-20 00:05:17,K线数据缺失,,JSON文件缺少kline字段或K线数据为空,异常
SH605499,2026-04-20 00:05:17,财务数据缺失,,JSON文件缺少finance字段或财务数据为空,异常
SZ123456,2026-04-20 01:42:08,文件不存在,,JSON数据文件不存在：./data/SZ123456.json,失败
SH600000,2026-04-20 01:55:05,K线数据缺失,,JSON文件缺少kline字段或K线数据为空,异常
SH600000,2026-04-20 01:55:31,交易日历获取失败,,无法获取A股交易日历,异常
SH600000,2026-04-20 02:19:38,无异常,,quote类型数据质量校验通过,成功
